dataset,n,m,metodo,tiempo,costo
a280,0,78400,AGMH,0.01701,1
a280,1,78400,AGMH,0.015268,1
a280,2,78400,AGMH,0.016171,1
a280,3,78400,AGMH,0.017846,1
a280,4,78400,AGMH,0.017615,1
a280,5,78400,AGMH,0.01612,1
a280,6,78400,AGMH,0.014916,1
a280,7,78400,AGMH,0.015843,1
a280,8,78400,AGMH,0.014942,1
a280,9,78400,AGMH,0.017245,1
